id,first_name,last_name,email,address,phone
1,Jane,Burkin,jburkin0@lulu.com,1571 Grayhawk Avenue,2738249373
2,Annemarie,Notley,anotley1@drupal.org,05 Ridgeview Trail,2457247611
3,Stephine,Agius,sagius2@blogger.com,73 Stone Corner Avenue,5386693072
4,Nealy,Tokell,ntokell3@moonfruit.com,198 Muir Street,6093226980
5,Theodosia,Elstow,telstow4@blinklist.com,2992 Warbler Hill,2385448579
6,Aubert,Witson,awitson5@issuu.com,2 Erie Alley,3665092804
7,Lilas,Goodge,lgoodge6@goodreads.com,80 Green Ridge Terrace,7429814445
8,Vevay,Jaulmes,vjaulmes7@diigo.com,61 Eagan Center,4974240792
9,Jo ann,Romanski,jromanski8@walmart.com,8732 Pawling Pass,7162952689
10,Lurline,Hupe,lhupe9@reuters.com,28401 Lillian Terrace,3561949335
11,Michele,Scrivener,mscrivenera@histats.com,82551 Bartelt Center,8163803436
12,Beth,Kinsman,bkinsmanb@infoseek.co.jp,08 Almo Lane,6842843433
13,Darlene,Chazette,dchazettec@nymag.com,85 Bayside Alley,5715066419
14,Ram,Thing,rthingd@sakura.ne.jp,9 Portage Center,4213730582
15,Gina,Stenton,gstentone@who.int,6 Division Terrace,8439102790
16,Arnuad,Sappy,asappyf@marriott.com,7 Cascade Park,8466541912
17,Idalia,Sulley,isulleyg@berkeley.edu,16 Rusk Center,5948535212
18,Tab,Turl,tturlh@prlog.org,0 Mariners Cove Junction,1879582091
19,Anny,Sterndale,asterndalei@topsy.com,320 Waywood Hill,9046476942
20,Filmer,Fonteyne,ffonteynej@google.com.hk,4 Brentwood Center,5942355397
21,Roderic,Heppenspall,rheppenspallk@alexa.com,7 Vidon Way,6684138354
22,Gil,Leckey,gleckeyl@house.gov,602 North Center,5547084981
23,Wit,Ronchi,wronchim@disqus.com,25 Dottie Way,1079772434
24,Moore,Leynton,mleyntonn@boston.com,374 Bluejay Place,6925007416
25,Ev,Nicholas,enicholaso@tmall.com,90195 Delaware Court,3071611105
26,Kaile,Aylmer,kaylmerp@msn.com,2 Claremont Court,6184011656
27,Baldwin,Fear,bfearq@blogspot.com,3232 Doe Crossing Road,9093116490
28,Julia,Duddin,jduddinr@cnbc.com,368 Gale Plaza,3628307442
29,Currey,Ready,creadys@jugem.jp,1738 Myrtle Court,7534161024
30,Grissel,Manklow,gmanklowt@last.fm,4490 High Crossing Point,3153279248
31,Marrilee,Mary,mmaryu@angelfire.com,32 7th Court,5685429172
32,Lew,Pinder,lpinderv@uiuc.edu,7969 Lakewood Gardens Plaza,2942752886
33,Querida,Gitting,qgittingw@live.com,2 Harbort Drive,1784685286
34,Arther,Alleyn,aalleynx@vistaprint.com,7779 Goodland Way,3651356838
35,Constantin,Bilovsky,cbilovskyy@digg.com,340 Waxwing Hill,8093650392
36,Joellen,Cord,jcordz@1und1.de,95 Mcbride Alley,2493497742
37,Henderson,Burdikin,hburdikin10@cbc.ca,2598 Shelley Pass,9014784467
38,Onfre,Kindread,okindread11@cam.ac.uk,45 Charing Cross Circle,5303778337
39,Katrinka,Ewell,kewell12@reddit.com,1 Chive Circle,8902105746
40,Alex,Pardon,apardon13@google.de,824 Straubel Hill,4875108371
41,Mayne,Stemp,mstemp14@cnn.com,0 8th Crossing,7548079181
42,Nanny,Castlake,ncastlake15@nasa.gov,21376 Mitchell Point,1691986714
43,Kathryne,Wathey,kwathey16@infoseek.co.jp,25141 Eggendart Pass,4943430666
44,Falito,Parlour,fparlour17@google.ru,8 Dovetail Junction,4818733619
45,Reina,Philott,rphilott18@redcross.org,7253 Thompson Lane,3951993477
46,Yoko,Bertrand,ybertrand19@opera.com,40 Nevada Plaza,6418850798
47,Gar,Jandl,gjandl1a@gmpg.org,9904 Express Place,7029633314
48,Paige,Gaskamp,pgaskamp1b@vinaora.com,1 Wayridge Center,2965090949
49,Jobey,Duddin,jduddin1c@sbwire.com,738 Farwell Street,7745207925
50,Stirling,Royson,sroyson1d@aol.com,070 Packers Circle,1193402079
51,Orazio,Brundrett,obrundrett1e@mit.edu,36615 Bluestem Pass,1796071240
52,Claudio,Narbett,cnarbett1f@tuttocitta.it,12049 Claremont Pass,9267369158
53,Pauly,Ianne,pianne1g@reverbnation.com,7 Kensington Street,5765170492
54,Darb,Ayliffe,dayliffe1h@stanford.edu,113 Valley Edge Lane,7079764297
55,Mercedes,Muress,mmuress1i@ted.com,37 Schurz Terrace,2183887327
56,Danielle,Sapena,dsapena1j@unesco.org,97 Shopko Lane,4193774024
57,Temp,Collacombe,tcollacombe1k@so-net.ne.jp,3 Independence Avenue,2103905297
58,Mal,Rossetti,mrossetti1l@friendfeed.com,44888 Hudson Park,8378599722
59,Amitie,Cankett,acankett1m@patch.com,1377 Vahlen Crossing,5385013859
60,Celine,Searson,csearson1n@t.co,8346 Dahle Park,7794386044
61,Maxie,Fendlow,mfendlow1o@jigsy.com,8 Moose Street,9444173211
62,Rutledge,Laden,rladen1p@businessinsider.com,9852 Westend Crossing,1581053786
63,Gun,Howle,ghowle1q@cdbaby.com,02 Mayer Road,9557635900
64,Earl,Gounel,egounel1r@example.com,22 Erie Avenue,3189549812
65,Guy,Fantham,gfantham1s@dyndns.org,720 Laurel Alley,7533102314
66,Skyler,Ogbourne,sogbourne1t@multiply.com,312 Muir Place,7192355614
67,Germain,Longo,glongo1u@wikia.com,000 Macpherson Junction,9598341292
68,Bobbie,Zack,bzack1v@businessinsider.com,95 Fremont Court,2708313000
69,Averyl,Macieiczyk,amacieiczyk1w@wikispaces.com,11 Dapin Court,3493092831
70,Holly,Wandrich,hwandrich1x@mozilla.org,98 Milwaukee Street,9556774381
71,Davine,Farquharson,dfarquharson1y@squarespace.com,579 Warbler Road,3919213924
72,Pete,Tuffin,ptuffin1z@jugem.jp,6786 Charing Cross Circle,3745391245
73,Rayna,Jannaway,rjannaway20@skype.com,6 Carpenter Plaza,4062787139
74,Yancy,Nutley,ynutley21@instagram.com,67359 Mcguire Lane,5582214161
75,Khalil,Duley,kduley22@globo.com,50 Colorado Pass,7221878816
76,Jeremie,Piotrkowski,jpiotrkowski23@yellowbook.com,74197 Northland Crossing,1071288752
77,Herculie,Agron,hagron24@artisteer.com,99263 Dryden Court,7647258165
78,Muriel,Josilevich,mjosilevich25@dmoz.org,993 Bashford Terrace,4814126840
79,Matthiew,McTavish,mmctavish26@discovery.com,24 Hovde Crossing,9091208606
80,Jakob,Watkiss,jwatkiss27@usda.gov,1 Old Shore Street,2178931517
81,Ellissa,Waycot,ewaycot28@time.com,532 Algoma Place,1186897147
82,Anthea,Becraft,abecraft29@uiuc.edu,4435 Mallory Place,2124459503
83,Collie,Cockaday,ccockaday2a@mapquest.com,2953 Del Sol Drive,7546019329
84,Dollie,Dello,ddello2b@omniture.com,7282 Starling Park,8602664252
85,Beauregard,Mackness,bmackness2c@artisteer.com,20496 Green Ridge Park,7583070533
86,Reece,Bartley,rbartley2d@latimes.com,61390 Arkansas Avenue,3655446739
87,Yvonne,Wordington,ywordington2e@exblog.jp,912 Columbus Alley,8796754607
88,Gwen,Inns,ginns2f@is.gd,070 Summer Ridge Parkway,2598999033
89,Salvidor,Tysall,stysall2g@wordpress.org,4 Gateway Way,3438902471
90,Sydney,Dulanty,sdulanty2h@issuu.com,6 Bonner Hill,2537148847
91,Domingo,Vernalls,dvernalls2i@smh.com.au,446 Graceland Parkway,5078249493
92,Meghan,de Bullion,mdebullion2j@bizjournals.com,4 Melrose Court,3952732820
93,Helsa,McPhaden,hmcphaden2k@redcross.org,20724 Farmco Avenue,6487274932
94,Wesley,Stobbs,wstobbs2l@theguardian.com,497 Twin Pines Hill,2328857900
95,Freddi,Asker,fasker2m@imgur.com,803 Reinke Street,7634693990
96,Ardene,Lorincz,alorincz2n@slate.com,3 Anthes Center,3253893962
97,Noak,Oleshunin,noleshunin2o@youku.com,81 Hintze Parkway,7434877141
98,Rachelle,Birtley,rbirtley2p@narod.ru,221 Sherman Way,9894889591
99,Caldwell,Canham,ccanham2q@discuz.net,6 Nevada Court,6709569122
100,Obediah,Learmond,olearmond2r@liveinternet.ru,915 Dovetail Way,1652358861
101,Eleanor,Bradnick,ebradnick2s@apache.org,444 Melvin Place,8732004980
102,Ranice,Facer,rfacer2t@fc2.com,329 New Castle Terrace,4815743194
103,Selby,Stadding,sstadding2u@vk.com,63 Glacier Hill Park,9156541950
104,Ray,Egginton,regginton2v@yellowbook.com,979 Garrison Point,8438024765
105,Emelina,Devanney,edevanney2w@sourceforge.net,0879 Warbler Drive,4495392818
106,Juditha,Frankcomb,jfrankcomb2x@unicef.org,66456 Boyd Lane,8762403660
107,Van,Maxted,vmaxted2y@sourceforge.net,637 Continental Center,9705719720
108,Pen,Issacof,pissacof2z@dyndns.org,1073 Norway Maple Center,4245496825
109,Ethelred,Dungate,edungate30@i2i.jp,28368 Tennyson Place,6032171283
110,Maribelle,Beernt,mbeernt31@usnews.com,67 Starling Hill,4278350806
111,Nerte,Bohan,nbohan32@census.gov,74986 Nobel Drive,2817058408
112,Rorie,Harroll,rharroll33@businesswire.com,1405 Loeprich Park,8509982098
113,Alix,Sessions,asessions34@homestead.com,4047 Green Crossing,4422702521
114,Martita,Breslauer,mbreslauer35@adobe.com,495 Forest Run Circle,2321103053
115,Jerad,Doddrell,jdoddrell36@mashable.com,3004 Cardinal Avenue,7765200255
116,Nevile,Wildey,nwildey37@google.ru,15030 Duke Way,4412245142
117,Viviana,Greave,vgreave38@cornell.edu,5 Moulton Park,1944629339
118,Artair,Shade,ashade39@amazon.de,7231 Merchant Circle,8857462705
119,Katerine,Aharoni,kaharoni3a@wordpress.com,34067 Ridgeway Lane,2674545678
120,Wilton,Dysart,wdysart3b@tripadvisor.com,2 Village Lane,4021183372
121,Fenelia,Hekkert,fhekkert3c@rediff.com,54 High Crossing Parkway,4927638458
122,Brendan,Itzkovich,bitzkovich3d@live.com,110 Iowa Pass,6432544301
123,Shepherd,Tatam,statam3e@51.la,0 Larry Drive,1501551524
124,Brenn,Leijs,bleijs3f@nyu.edu,192 Ronald Regan Point,5252940609
125,Ario,Glewe,aglewe3g@icq.com,5 Blaine Point,4018737566
126,Madelina,MacAnespie,mmacanespie3h@vimeo.com,17347 Utah Plaza,4857508576
127,Ilysa,Pedlingham,ipedlingham3i@mayoclinic.com,9377 6th Drive,9256491703
128,Ford,Pideon,fpideon3j@google.it,24 Saint Paul Street,7979731782
129,Bari,Dumingos,bdumingos3k@4shared.com,28969 Grasskamp Drive,3607713757
130,Blane,Plackstone,bplackstone3l@nbcnews.com,551 Merrick Hill,3732115179
131,Konrad,Hulle,khulle3m@free.fr,2713 Haas Trail,6142483447
132,Toinette,Blackborne,tblackborne3n@t.co,0 Tony Way,2033680273
133,Eba,Grinishin,egrinishin3o@nsw.gov.au,27 Sachs Way,7884501225
134,Maurice,Aldersea,maldersea3p@usnews.com,2078 Tennyson Place,1196122984
135,Nils,Baggelley,nbaggelley3q@privacy.gov.au,4 Bobwhite Alley,9156070229
136,Reuven,Matiebe,rmatiebe3r@skyrock.com,72 Haas Place,5589219747
137,Virginie,Bouldstridge,vbouldstridge3s@si.edu,36448 Truax Crossing,6236418477
138,Dredi,Highman,dhighman3t@admin.ch,686 Manitowish Place,6314272381
139,Lizzie,Arundel,larundel3u@youtube.com,370 Myrtle Crossing,9569381961
140,Neron,Butler,nbutler3v@eepurl.com,4 Grim Junction,1248893283
141,Jeremias,Bream,jbream3w@t.co,10 Charing Cross Lane,9908432335
142,Leola,Staniland,lstaniland3x@canalblog.com,03960 Lyons Court,7415170472
143,Lezley,Amsberger,lamsberger3y@edublogs.org,01 Spaight Terrace,1303619369
144,Ally,Dennehy,adennehy3z@blogger.com,585 Esch Road,9076359107
145,Vania,Pencot,vpencot40@ucoz.com,146 Schlimgen Lane,4663560100
146,Beatrice,Rogan,brogan41@webs.com,19442 Charing Cross Avenue,9664558171
147,Nikolia,Garroch,ngarroch42@blogspot.com,03561 Hollow Ridge Alley,4177094499
148,Christin,Arrandale,carrandale43@sohu.com,81 Atwood Road,7281846637
149,Kial,Wilshire,kwilshire44@nih.gov,6 Namekagon Trail,9008517816
150,Eimile,De Leek,edeleek45@zimbio.com,6 Sachs Parkway,7402003610
151,Catlin,Wiskar,cwiskar46@alexa.com,1 Nelson Pass,2218935848
152,Hobart,Persian,hpersian47@tamu.edu,47448 Marquette Way,9879709952
153,Edmon,Royste,eroyste48@apache.org,43937 Namekagon Center,7365392309
154,Emilee,Wyant,ewyant49@psu.edu,402 Little Fleur Lane,4033357739
155,Letti,Corde,lcorde4a@tripod.com,6 Prairie Rose Place,3074537060
156,Kate,Pegrum,kpegrum4b@blogspot.com,27 Bunker Hill Way,3393353935
157,Krisha,Hugnin,khugnin4c@trellian.com,946 Rusk Park,6394748049
158,Kendal,Lightbourne,klightbourne4d@usa.gov,8 Melrose Terrace,5207419759
159,Lucie,Rames,lrames4e@canalblog.com,7983 Browning Trail,7703470829
160,Nolie,Maxwale,nmaxwale4f@reddit.com,1 Pepper Wood Circle,9376482941
161,Fawnia,Borrows,fborrows4g@theglobeandmail.com,09079 Sachs Trail,2712376713
162,Brunhilde,Standage,bstandage4h@smugmug.com,06 Harbort Pass,4412403903
163,Dominik,Issacov,dissacov4i@disqus.com,2909 Artisan Court,4104558525
164,Vic,Eassom,veassom4j@blog.com,6 Little Fleur Avenue,1439944531
165,Andre,Knoller,aknoller4k@stumbleupon.com,13 Summit Pass,8325684403
166,Luise,Dionisii,ldionisii4l@example.com,6 Butterfield Pass,3631631092
167,Florina,Kennett,fkennett4m@technorati.com,6 Mitchell Road,6203308983
168,Karrah,Ryman,kryman4n@spiegel.de,3157 Boyd Road,6266055585
169,Vinni,Coronas,vcoronas4o@google.com.au,51 Banding Drive,6181223510
170,Shepperd,Tennick,stennick4p@narod.ru,35 Goodland Junction,8353110030
171,Pierce,Guyan,pguyan4q@census.gov,932 Ruskin Point,2839287092
172,Joelynn,Kitcat,jkitcat4r@answers.com,8986 Comanche Plaza,8134151701
173,Shalom,Palombi,spalombi4s@timesonline.co.uk,49 Bultman Pass,3221245024
174,Codie,Whyler,cwhyler4t@webmd.com,9401 Lukken Lane,7849889196
175,Edin,Ferentz,eferentz4u@360.cn,54 Bay Plaza,3957166605
176,Albina,Matula,amatula4v@diigo.com,32679 Mayfield Circle,1122667883
177,Boonie,Ferres,bferres4w@odnoklassniki.ru,06350 Waubesa Drive,8634352386
178,Zora,Farey,zfarey4x@canalblog.com,0 Bunting Plaza,6398602161
179,Durward,Hamill,dhamill4y@infoseek.co.jp,0149 Hollow Ridge Center,5471048363
180,Rebecca,Cogan,rcogan4z@pen.io,1 School Terrace,6386686921
181,Juliane,Easton,jeaston50@a8.net,577 Tomscot Court,2663892471
182,Garnet,Woolard,gwoolard51@usatoday.com,3538 Nova Junction,7889262973
183,Valene,Michael,vmichael52@biblegateway.com,3 Grim Park,3987450834
184,Staffard,Biesinger,sbiesinger53@apache.org,75 Bay Lane,1158260292
185,Jannelle,Sleford,jsleford54@purevolume.com,29917 Cherokee Park,9838529923
186,Koenraad,Cosbee,kcosbee55@scribd.com,554 Tony Crossing,6264666980
187,Marcella,Pickover,mpickover56@chron.com,1051 Moose Place,5565477910
188,Yolanthe,Dowderswell,ydowderswell57@addtoany.com,7631 Barnett Place,8922131635
189,Van,Mitie,vmitie58@wikia.com,078 Dahle Trail,7769770200
190,Alyda,Searston,asearston59@mediafire.com,6439 Green Court,6025309122
191,Morten,Batrip,mbatrip5a@archive.org,2069 Arapahoe Lane,8476544811
192,Ryun,Dalli,rdalli5b@flickr.com,571 Heath Junction,9551209090
193,Kimmi,Infantino,kinfantino5c@yellowpages.com,16 Gulseth Hill,7369966065
194,Mathew,Belchem,mbelchem5d@mac.com,968 Tomscot Circle,6261087464
195,Hartwell,Passby,hpassby5e@macromedia.com,1 Everett Drive,1144719127
196,Isidora,Boyet,iboyet5f@miibeian.gov.cn,3 Dapin Alley,3976780901
197,Genia,L'Hommeau,glhommeau5g@woothemes.com,33799 Old Gate Point,5824935900
198,Hayward,Bodycomb,hbodycomb5h@icio.us,825 Messerschmidt Junction,4112954546
199,Elita,Laybourne,elaybourne5i@ibm.com,7 Luster Crossing,1292919179
200,Shandy,Bedward,sbedward5j@opera.com,24 Green Avenue,9387065605
201,Caldwell,Langmuir,clangmuir5k@blogtalkradio.com,755 Reindahl Plaza,9405583040
202,Cicely,Laviss,claviss5l@who.int,489 West Place,7766689852
203,Lelia,Cossum,lcossum5m@illinois.edu,6299 Vermont Center,1121278230
204,Wynn,Sherborne,wsherborne5n@sun.com,672 Bultman Point,7776561407
205,Blondie,Bazley,bbazley5o@so-net.ne.jp,1362 Weeping Birch Plaza,7292962420
206,Irma,Deakan,ideakan5p@businessweek.com,44941 Reindahl Terrace,1911661000
207,Ewan,Pavia,epavia5q@themeforest.net,13 Ridgeway Terrace,7504597250
208,Cris,Treneer,ctreneer5r@usa.gov,850 Dennis Crossing,7783060376
209,Henrie,Hegdonne,hhegdonne5s@ed.gov,2992 David Hill,8868226566
210,Cynthie,Eveling,ceveling5t@washington.edu,5224 Oriole Junction,8416902539
211,Babb,McKeaney,bmckeaney5u@wix.com,4361 Lerdahl Alley,5186434070
212,Thom,Jones,tjones5v@people.com.cn,11 Troy Hill,8105013915
213,Paulina,Housley,phousley5w@goodreads.com,4 Towne Hill,8564139668
214,Gene,Lumsden,glumsden5x@exblog.jp,69867 Sullivan Center,3274760462
215,Adelice,Sirkett,asirkett5y@1und1.de,9378 Hoffman Point,1557339745
216,Dianne,Ingliss,dingliss5z@printfriendly.com,942 Riverside Crossing,8119264663
217,Foss,Axcel,faxcel60@dagondesign.com,86 Hauk Court,4374773794
218,Rog,Livingstone,rlivingstone61@prnewswire.com,977 Mcbride Avenue,7743449464
219,Eberhard,Stiddard,estiddard62@unesco.org,5 Glendale Parkway,6938554404
220,Goldi,Velareal,gvelareal63@sbwire.com,996 East Crossing,3977288165
221,Chrissie,Verdie,cverdie64@prlog.org,8140 Dryden Point,4793850918
222,Gerta,Takle,gtakle65@yellowpages.com,471 Fieldstone Junction,3078717641
223,Gabbie,Munt,gmunt66@yellowpages.com,9 Bashford Circle,2028149279
224,Bonita,Garbert,bgarbert67@auda.org.au,3994 Muir Alley,6786274217
225,Papagena,Handforth,phandforth68@telegraph.co.uk,78 Pine View Terrace,6943655157
226,Georgina,Spradbery,gspradbery69@mapy.cz,6283 Macpherson Street,9815718058
227,Sisile,Kenwood,skenwood6a@studiopress.com,44 New Castle Alley,9262726337
228,Ferdinanda,Ort,fort6b@google.nl,67 Roth Hill,7161499252
229,Constantine,Garthland,cgarthland6c@mysql.com,927 Clemons Junction,1426829896
230,Ervin,Klishin,eklishin6d@linkedin.com,03 Vahlen Parkway,3323574410
231,Berna,Lankester,blankester6e@google.ca,4 Fieldstone Avenue,2533790665
232,Stace,Hue,shue6f@sfgate.com,7020 Bobwhite Court,4576977508
233,Cyndy,Lettley,clettley6g@example.com,03156 Merry Court,9733908082
234,Hollie,Vaneschi,hvaneschi6h@webeden.co.uk,8 Sachs Drive,2445321799
235,Farlie,Blowers,fblowers6i@altervista.org,9 Sundown Trail,5246658813
236,Jeremy,Locock,jlocock6j@typepad.com,05940 Upham Road,1034089804
237,Angelita,Jeafferson,ajeafferson6k@a8.net,267 Village Green Circle,1088807658
238,Washington,Devall,wdevall6l@bbb.org,70 Golf Place,3441275812
239,Andi,Patel,apatel6m@qq.com,6 Washington Road,7567706130
240,Ximenes,Ewing,xewing6n@archive.org,5832 Kinsman Crossing,1081629903
241,Torey,Ashpole,tashpole6o@usnews.com,79 East Park,7727649945
242,Giselbert,Lecordier,glecordier6p@cnbc.com,7236 Badeau Terrace,5379275596
243,Brianne,Raper,braper6q@businessweek.com,6 Debra Court,1763558273
244,Barron,Maciejewski,bmaciejewski6r@wisc.edu,5757 Prairie Rose Lane,7327786038
245,Dario,Trenchard,dtrenchard6s@lycos.com,165 Ruskin Court,7837330046
246,Trudie,Sherland,tsherland6t@tripadvisor.com,87420 Loftsgordon Hill,5992711649
247,Imogen,Gammie,igammie6u@g.co,59 Oxford Trail,5812071388
248,Dania,Keetch,dkeetch6v@t-online.de,564 Badeau Point,6871644411
249,Claudine,Boyton,cboyton6w@virginia.edu,2936 Menomonie Place,3631164492
250,Jenifer,Have,jhave6x@nhs.uk,29 Commercial Park,5805089730
251,Dinnie,McBrearty,dmcbrearty6y@ft.com,48855 Corben Trail,1015509178
252,Filide,Bernardotti,fbernardotti6z@youku.com,0821 Warbler Pass,1337193450
253,Bibby,Crighton,bcrighton70@bing.com,083 Hoepker Court,7818687154
254,Scarlet,Rojas,srojas71@umn.edu,60596 Nobel Plaza,6263410628
255,Henri,Hunnicutt,hhunnicutt72@ehow.com,335 Bonner Avenue,1142548048
256,Marika,Camilletti,mcamilletti73@qq.com,4448 Veith Pass,2562398490
257,Wolfgang,Heap,wheap74@ted.com,2 Sycamore Terrace,6423130272
258,Arielle,Elsmore,aelsmore75@nih.gov,313 Melvin Trail,3713845775
259,Syd,Frankom,sfrankom76@vimeo.com,0 Emmet Crossing,7667022129
260,Melonie,Lathan,mlathan77@nifty.com,904 Coolidge Place,4882632643
261,Nestor,Benthall,nbenthall78@storify.com,5513 Ramsey Junction,7833639395
262,Eddi,Dicker,edicker79@yahoo.co.jp,48087 Monument Crossing,8014314377
263,Louie,Treadaway,ltreadaway7a@vkontakte.ru,4316 Maple Trail,6488529471
264,Dalia,Troyes,dtroyes7b@360.cn,70 Warbler Center,5531525405
265,Basil,Oswal,boswal7c@tinyurl.com,26205 Forest Court,2973830675
266,Simonne,Dowe,sdowe7d@spiegel.de,4 Coolidge Crossing,8753737734
267,Ashley,Lacaze,alacaze7e@whitehouse.gov,2 Moland Trail,6857617305
268,Redd,Mowsley,rmowsley7f@nature.com,84 Mandrake Junction,2476736071
269,Dalila,Pury,dpury7g@creativecommons.org,530 Porter Street,7675219095
270,Tallou,Breckell,tbreckell7h@geocities.jp,1 Sommers Park,2052619107
271,Jaynell,Rabbe,jrabbe7i@marketwatch.com,98 Walton Crossing,2721425163
272,Janifer,Wyles,jwyles7j@fotki.com,46 Buhler Parkway,2274343839
273,Lena,Jordanson,ljordanson7k@nationalgeographic.com,69600 Brown Lane,2116666161
274,Birch,Hebdon,bhebdon7l@miibeian.gov.cn,81162 Ronald Regan Hill,4412759490
275,Phyllida,Schrei,pschrei7m@noaa.gov,1 Pond Pass,4358220486
276,Josselyn,Cordova,jcordova7n@xinhuanet.com,94069 Karstens Point,7935348981
277,Dell,Ivamy,divamy7o@yahoo.co.jp,7066 Brickson Park Road,1384599580
278,Valenka,Dunklee,vdunklee7p@theatlantic.com,3329 Oxford Court,1298261899
279,Hobie,Danielian,hdanielian7q@samsung.com,30715 Alpine Court,8902505763
280,Nelie,Rowbrey,nrowbrey7r@lycos.com,575 Miller Terrace,3539868683
281,Omar,Mindenhall,omindenhall7s@sun.com,199 Brown Lane,4588716221
282,Rafael,Dibbs,rdibbs7t@ted.com,7 Buena Vista Street,1094996307
283,Willi,Reef,wreef7u@house.gov,0 Merrick Place,9996022489
284,Christophe,Jozwiak,cjozwiak7v@godaddy.com,088 Raven Street,1535082511
285,Man,Ofener,mofener7w@nytimes.com,94250 Helena Park,7142294935
286,Henryetta,Baiyle,hbaiyle7x@sfgate.com,32 Browning Way,2503586648
287,Libbi,Lefeuvre,llefeuvre7y@soup.io,860 Corscot Lane,9427809448
288,Earlie,Whittles,ewhittles7z@edublogs.org,21 East Avenue,7189692539
289,Benny,Kaaskooper,bkaaskooper80@state.gov,794 La Follette Trail,8398629546
290,Kaitlyn,Gowdy,kgowdy81@businesswire.com,1 1st Park,8237622390
291,Amalee,McCrossan,amccrossan82@privacy.gov.au,608 Bellgrove Terrace,1429446662
292,Cathe,Lambourne,clambourne83@surveymonkey.com,1 Kedzie Avenue,9337131753
293,Ethelbert,Byers,ebyers84@google.co.uk,59603 Sugar Crossing,5793654406
294,Leonardo,Lecount,llecount85@google.pl,80836 Arizona Terrace,9407100782
295,Lilla,Linnock,llinnock86@goo.ne.jp,333 Randy Road,5254430548
296,Maury,Lachaize,mlachaize87@seesaa.net,6837 Loftsgordon Circle,6396541858
297,Bradley,Cordet,bcordet88@ovh.net,43841 Oriole Circle,8087035056
298,Carver,Wasbrough,cwasbrough89@meetup.com,4 Nelson Point,5979183453
299,Morris,Dimitrijevic,mdimitrijevic8a@about.me,099 Mayfield Court,1469126740
300,Ogden,Purvey,opurvey8b@pcworld.com,3037 Mendota Drive,5292493509
301,Steffie,Partkya,spartkya8c@mashable.com,971 Eagle Crest Circle,7368398963
302,Linus,Eldrid,leldrid8d@netvibes.com,5 Granby Road,8429997086
303,Mady,McKomb,mmckomb8e@lulu.com,3857 Stone Corner Point,9581398536
304,Sebastien,Leads,sleads8f@facebook.com,805 Becker Pass,7854491493
305,Klarrisa,Hymer,khymer8g@oaic.gov.au,55 Doe Crossing Avenue,8837461414
306,Bendix,Fazakerley,bfazakerley8h@odnoklassniki.ru,76991 Maple Plaza,4132622341
307,Byrom,Mabey,bmabey8i@arstechnica.com,83 Morrow Court,6142386795
308,Marsiella,Kleinplatz,mkleinplatz8j@huffingtonpost.com,85126 Grayhawk Point,7437286663
309,Kathryn,Neno,kneno8k@deliciousdays.com,356 Fieldstone Alley,2583548998
310,Nikaniki,Zolini,nzolini8l@people.com.cn,96589 Manitowish Court,2068235544
311,Alister,Thurgood,athurgood8m@devhub.com,01 Green Alley,3225544966
312,Conn,Van der Mark,cvandermark8n@msn.com,5 Mifflin Trail,4599169773
313,Wendye,Blaisdell,wblaisdell8o@gmpg.org,9037 Esch Place,3553863853
314,Calley,Sumbler,csumbler8p@mayoclinic.com,05325 Farwell Circle,6532468076
315,Sharia,Binnell,sbinnell8q@reverbnation.com,7 Rockefeller Center,2931009181
316,Eberhard,Eldin,eeldin8r@themeforest.net,61 Pepper Wood Hill,9046508828
317,Kaiser,Guthrum,kguthrum8s@storify.com,60498 Corben Court,8947237838
318,Abigael,Opdenorth,aopdenorth8t@google.com.hk,722 Continental Pass,3837322940
319,Odelle,Marvelley,omarvelley8u@booking.com,0120 Esker Center,9955865825
320,Constance,Beadnall,cbeadnall8v@timesonline.co.uk,8359 Orin Alley,6403439797
321,Durand,Kensitt,dkensitt8w@ycombinator.com,49698 Starling Place,4041751392
322,Tani,Matusovsky,tmatusovsky8x@wordpress.org,31836 Toban Avenue,9521418263
323,Thorpe,Shorthill,tshorthill8y@ocn.ne.jp,8 Hallows Terrace,8827582590
324,Iolande,Jannequin,ijannequin8z@nasa.gov,49 Russell Road,7175491566
325,Masha,Fitzpatrick,mfitzpatrick90@dmoz.org,85 Buell Circle,6596467512
326,Bancroft,Bachelor,bbachelor91@ebay.co.uk,07166 Rockefeller Crossing,1674570359
327,Ferris,Stopper,fstopper92@alexa.com,98806 Spohn Crossing,1903508977
328,Erna,Werner,ewerner93@topsy.com,56 Oriole Crossing,7576458289
329,Abbie,Godfery,agodfery94@harvard.edu,3883 Lindbergh Street,4657646038
330,Arvy,Seemmonds,aseemmonds95@mozilla.org,4490 Mariners Cove Terrace,1783770632
331,Martguerita,Rumke,mrumke96@nih.gov,0892 Straubel Trail,7991713905
332,Quintina,Normabell,qnormabell97@51.la,924 Clemons Place,6196828562
333,Belva,Cainey,bcainey98@auda.org.au,5993 Fairfield Court,2576844516
334,Dud,Maber,dmaber99@goo.ne.jp,24 Declaration Plaza,8166621658
335,Art,Noblet,anoblet9a@ebay.co.uk,5037 Bartillon Court,8811885648
336,Obed,Wroath,owroath9b@bloglines.com,83290 Kenwood Circle,1005955244
337,Vilma,Edmans,vedmans9c@cloudflare.com,9853 Saint Paul Road,8182730672
338,Krystalle,Duiged,kduiged9d@ask.com,68902 Mallard Parkway,8545600406
339,Wiatt,Posse,wposse9e@answers.com,9595 Nevada Avenue,9558835560
340,Gael,Killbey,gkillbey9f@a8.net,570 Lunder Trail,4983469748
341,Nappy,Vedenyakin,nvedenyakin9g@rakuten.co.jp,2 New Castle Alley,5867579386
342,Aggie,Lonergan,alonergan9h@indiegogo.com,7 Columbus Point,7558546265
343,Bernice,Linck,blinck9i@slashdot.org,552 Mifflin Drive,5691858454
344,Germain,Hylden,ghylden9j@economist.com,5148 Atwood Center,6406416786
345,Elna,Briscam,ebriscam9k@de.vu,47677 Union Trail,6262013388
346,Kyle,Gauld,kgauld9l@lycos.com,732 Mosinee Junction,6241380781
347,Edgardo,Baish,ebaish9m@mail.ru,82118 Bultman Trail,7317525652
348,Roobbie,Horsell,rhorsell9n@1688.com,31199 Lukken Avenue,9667322223
349,Rubia,McGifford,rmcgifford9o@adobe.com,8975 Duke Way,8995296542
350,Thaine,Simeoni,tsimeoni9p@ustream.tv,1677 Moland Center,4368821606
351,Elbert,Pearton,epearton9q@discuz.net,7278 Buena Vista Plaza,7614087390
352,Julia,Ervin,jervin9r@gmpg.org,44885 Hanover Avenue,9921102320
353,Briggs,Fairholme,bfairholme9s@umich.edu,5227 Pierstorff Plaza,5569692109
354,Rudiger,Tower,rtower9t@ucoz.com,102 Lillian Crossing,8614985497
355,Lane,Fitchett,lfitchett9u@scientificamerican.com,578 Cherokee Avenue,6594361683
356,Anjela,Pearch,apearch9v@icq.com,0 Steensland Way,5117519058
357,Idalina,Offener,ioffener9w@oracle.com,94 Del Mar Junction,4395421072
358,Coralyn,Cerith,ccerith9x@diigo.com,3 Northridge Drive,3098657750
359,Emmye,Speechley,espeechley9y@oakley.com,7965 Havey Parkway,6238102709
360,Cherie,Ellett,cellett9z@nature.com,73597 Graceland Junction,4067496140
361,Aretha,Steuart,asteuarta0@yellowpages.com,3 Dennis Pass,7129888601
362,Irma,Watters,iwattersa1@cyberchimps.com,3 Farwell Trail,7836944357
363,Brinn,Hannond,bhannonda2@businessinsider.com,02028 Shopko Place,9723093746
364,Kalindi,Magnus,kmagnusa3@weebly.com,29597 Lillian Hill,3067045240
365,Alie,Whiteoak,awhiteoaka4@blinklist.com,8909 Meadow Vale Parkway,6621230516
366,Kaiser,Fetherstan,kfetherstana5@newyorker.com,073 La Follette Park,3103471889
367,Barthel,Knowlys,bknowlysa6@opensource.org,98471 Charing Cross Road,4311925508
368,Sharai,Yurkiewicz,syurkiewicza7@csmonitor.com,14 Rowland Street,1853432721
369,Gwyneth,Chesterton,gchestertona8@admin.ch,023 Weeping Birch Circle,9707307350
370,Germayne,Ashby,gashbya9@oaic.gov.au,9091 Fulton Crossing,6298291891
371,Dix,Gossop,dgossopaa@infoseek.co.jp,96364 Canary Street,6541298421
372,Julian,Van Der Weedenburg,jvanderweedenburgab@ucoz.com,5597 Roxbury Plaza,6493296044
373,Cori,Bufton,cbuftonac@noaa.gov,64632 Lien Crossing,3258548492
374,Eolanda,Duchateau,educhateauad@house.gov,15198 Ludington Trail,1146833980
375,Woodman,Gommery,wgommeryae@wikimedia.org,3728 Merry Junction,7623292365
376,Giusto,Messham,gmesshamaf@ihg.com,28184 Bunker Hill Trail,3761476017
377,Zorah,Wolfendale,zwolfendaleag@ucoz.ru,4252 Schmedeman Center,8007368995
378,Hertha,Gribbon,hgribbonah@microsoft.com,04942 Morning Way,5856032410
379,Greta,Joutapaitis,gjoutapaitisai@amazon.co.jp,0658 Ohio Terrace,3944004437
380,Leticia,Alliker,lallikeraj@geocities.com,21782 Fordem Trail,3621775307
381,Gerrard,Songist,gsongistak@timesonline.co.uk,3951 Dayton Park,5936411213
382,Edan,Stuchburie,estuchburieal@comcast.net,31513 Westridge Street,9691954169
383,Loree,Lempke,llempkeam@soundcloud.com,077 Maple Junction,6448420189
384,Livia,Maginn,lmaginnan@phpbb.com,7 Dapin Lane,8603205643
385,Timmy,Flatt,tflattao@imageshack.us,6 Crowley Circle,6503981016
386,Phillis,Dudek,pdudekap@huffingtonpost.com,2010 Glacier Hill Drive,5672094900
387,Norry,Daltrey,ndaltreyaq@indiatimes.com,88 Pine View Lane,8436483547
388,Olivero,Crewe,ocrewear@un.org,081 6th Road,7762911978
389,Alonzo,Thewlis,athewlisas@newyorker.com,04893 Graceland Circle,7116176311
390,Stevie,Nazareth,snazarethat@hc360.com,0 North Drive,4641328793
391,Stephanus,Whitter,swhitterau@wired.com,6238 Sachtjen Alley,5525621322
392,Terry,Braunston,tbraunstonav@hexun.com,00 Fremont Avenue,7704951656
393,Fancy,Theobold,ftheoboldaw@youku.com,065 Debs Drive,1412054416
394,Arch,Donett,adonettax@stanford.edu,88371 Farwell Point,4884839855
395,Robinet,Ferandez,rferandezay@phpbb.com,28177 Hoard Plaza,5901458890
396,Tobye,Tinmouth,ttinmouthaz@lulu.com,531 Havey Point,8084471357
397,Jana,Dongate,jdongateb0@icq.com,5 Ruskin Center,8647393885
398,Gloriana,Liptrod,gliptrodb1@pen.io,9144 Cascade Circle,7663171200
399,Lanita,Gerhold,lgerholdb2@deliciousdays.com,039 Lake View Junction,5296882850
400,Odette,MacMenamin,omacmenaminb3@wikia.com,66933 Melody Street,5549571887
401,Man,Bland,mblandb4@berkeley.edu,81 Meadow Valley Point,8142632869
402,Lowe,Casiroli,lcasirolib5@miitbeian.gov.cn,08 Jackson Park,4508148670
403,Sigismund,Filshin,sfilshinb6@sciencedirect.com,27 Blaine Alley,8507589309
404,Binni,Suthworth,bsuthworthb7@paypal.com,92 Aberg Court,5999562857
405,Constancy,Raiston,craistonb8@istockphoto.com,00 Columbus Way,1664297774
406,Codie,Arntzen,carntzenb9@yolasite.com,981 Division Court,3441542547
407,Anthony,Sebring,asebringba@tinypic.com,32971 Birchwood Point,4883465054
408,Lovell,Catenot,lcatenotbb@amazon.co.jp,36613 Jay Point,1297838709
409,Dur,Van Haeften,dvanhaeftenbc@clickbank.net,69629 Holmberg Lane,9578883901
410,Paulo,Aldus,paldusbd@adobe.com,006 Lillian Avenue,8416317284
411,Raine,Alwood,ralwoodbe@imdb.com,2329 Stephen Terrace,7753333628
412,Anne,Grinston,agrinstonbf@vkontakte.ru,169 Superior Alley,4163541780
413,Sherm,Ranaghan,sranaghanbg@europa.eu,6 Swallow Court,7052021397
414,Sigismundo,Garmanson,sgarmansonbh@unblog.fr,981 Chive Junction,6657890549
415,Goldi,Hovee,ghoveebi@gizmodo.com,8302 Oakridge Point,4512254345
416,Ethelda,Garbutt,egarbuttbj@stumbleupon.com,84936 American Ash Plaza,2043991773
417,Sheilakathryn,Ruffey,sruffeybk@dagondesign.com,20 Reindahl Drive,6748861320
418,Dorian,Hubbocks,dhubbocksbl@dailymotion.com,25 Rutledge Road,4886597206
419,Seana,Ambrozewicz,sambrozewiczbm@themeforest.net,166 International Road,8148324504
420,Willi,Patel,wpatelbn@qq.com,4 Meadow Valley Way,6683634511
421,Aurlie,Eisikowitz,aeisikowitzbo@etsy.com,51183 Ruskin Road,8277401863
422,Weider,Lavis,wlavisbp@printfriendly.com,3067 Rusk Way,1837882368
423,Gabbie,Syers,gsyersbq@smh.com.au,86776 Iowa Terrace,2002892997
424,Mordy,Worsfold,mworsfoldbr@blogger.com,15516 Declaration Drive,9259656426
425,Konstanze,Furmenger,kfurmengerbs@dedecms.com,4 Meadow Ridge Trail,8579829020
426,Ashbey,Durden,adurdenbt@irs.gov,0 Gina Road,2845040677
427,Leeanne,Aire,lairebu@ebay.co.uk,9653 Steensland Circle,8647590428
428,Jo,Fairall,jfairallbv@hhs.gov,02105 Stone Corner Lane,7843406729
429,Ronica,Bartosik,rbartosikbw@google.com,16449 Transport Center,3331407411
430,Marlene,Joderli,mjoderlibx@walmart.com,366 Truax Court,8192392653
431,Bennie,Woollaston,bwoollastonby@jimdo.com,94 Claremont Place,8726875520
432,Rutherford,Preuvost,rpreuvostbz@xing.com,970 Lunder Avenue,8236574210
433,Tanitansy,Dodridge,tdodridgec0@stumbleupon.com,80646 Hansons Center,8882260631
434,Mitchel,Lehrian,mlehrianc1@auda.org.au,51 Sage Parkway,3609835804
435,Yard,Pollastrone,ypollastronec2@barnesandnoble.com,7085 Grover Alley,8276550344
436,Pavlov,Cucuzza,pcucuzzac3@ted.com,612 Westerfield Trail,9308554585
437,Johnath,Paolucci,jpaoluccic4@homestead.com,4325 Derek Circle,3417522475
438,Constantin,Dilworth,cdilworthc5@cnn.com,151 Buhler Street,6727405731
439,Evelyn,Inchan,einchanc6@usa.gov,6 Gateway Parkway,6555358999
440,Ricca,Screaton,rscreatonc7@abc.net.au,274 Jay Park,4426257299
441,Nikos,Stride,nstridec8@sourceforge.net,11 Spaight Court,3436254430
442,Calvin,Bradock,cbradockc9@dropbox.com,0 Sunfield Street,4794113399
443,Vivien,Gush,vgushca@amazonaws.com,4536 Dexter Avenue,4489517353
444,Nial,Escalero,nescalerocb@4shared.com,27 Schiller Hill,9744325059
445,Jillene,Aynold,jaynoldcc@comsenz.com,03333 Northview Lane,7993789021
446,Weider,Hallowes,whallowescd@1688.com,2952 Maryland Trail,4751311317
447,Leanora,Birch,lbirchce@gnu.org,9 Gateway Way,2144179593
448,Krystyna,Oblein,kobleincf@webmd.com,7843 Dryden Lane,4024377872
449,Martino,Rule,mrulecg@dell.com,74 Clyde Gallagher Avenue,9841550670
450,Phip,Hentzeler,phentzelerch@nature.com,4 Oakridge Junction,6174228338
451,Fancy,Brookes,fbrookesci@xrea.com,638 Killdeer Circle,6554416579
452,Shane,McTrustram,smctrustramcj@comcast.net,2 6th Alley,2281813768
453,Sybilla,Stonuary,sstonuaryck@usnews.com,01917 Maywood Terrace,3461527259
454,Terrance,Roskeilly,troskeillycl@epa.gov,44 Monument Street,2813509232
455,Gretchen,Chipperfield,gchipperfieldcm@theglobeandmail.com,04398 Myrtle Alley,6958475866
456,Kathie,Bernlin,kbernlincn@goo.ne.jp,61 Dwight Way,9004795843
457,Regina,Trevithick,rtrevithickco@ning.com,0715 Clove Hill,1139650845
458,Sonnie,Stuer,sstuercp@miibeian.gov.cn,94 Kingsford Terrace,2601218142
459,Christy,Milmoe,cmilmoecq@tuttocitta.it,05868 Northridge Parkway,4895767822
460,Alden,Batting,abattingcr@printfriendly.com,248 Goodland Point,1839706198
461,Glynda,Costain,gcostaincs@deliciousdays.com,50 Crest Line Hill,9998680219
462,Arie,Hendrikse,ahendriksect@foxnews.com,5 Charing Cross Parkway,1111121589
463,Salvidor,Panton,spantoncu@cargocollective.com,935 Messerschmidt Parkway,5642152217
464,Phelia,Gamil,pgamilcv@aol.com,378 Meadow Vale Plaza,4359628344
465,Bentley,Grief,bgriefcw@google.co.jp,4763 Talmadge Point,2757453282
466,Cynthia,Shivlin,cshivlincx@friendfeed.com,23782 Merrick Trail,9217373896
467,Aldric,Thorndycraft,athorndycraftcy@123-reg.co.uk,78 Barnett Trail,6837072040
468,Averell,Hanton,ahantoncz@aol.com,46490 Milwaukee Pass,1753513738
469,Melita,Halliberton,mhallibertond0@dot.gov,48 Straubel Lane,2643722462
470,Felice,Slafford,fslaffordd1@discovery.com,4 Tony Terrace,9532933150
471,Walt,Gillison,wgillisond2@apache.org,71 Rutledge Lane,1867806534
472,Ambrose,Kettley,akettleyd3@miitbeian.gov.cn,603 Brickson Park Avenue,2446084093
473,Irene,Arkil,iarkild4@so-net.ne.jp,4065 Melvin Alley,5823228382
474,Pacorro,Rennison,prennisond5@ifeng.com,5648 Delladonna Lane,6296263487
475,Meredeth,Lodovichi,mlodovichid6@spotify.com,67650 Eagan Junction,5166950072
476,Thayne,Chessil,tchessild7@baidu.com,959 Glacier Hill Way,1955141749
477,Konrad,Abelson,kabelsond8@goo.gl,6606 Randy Hill,7472006716
478,Colan,Ludwikiewicz,cludwikiewiczd9@artisteer.com,170 Prairieview Plaza,4895857197
479,Helen-elizabeth,Swainson,hswainsonda@artisteer.com,4 Glendale Crossing,3845554756
480,Kellen,Scrammage,kscrammagedb@skype.com,6783 Badeau Junction,5959646940
481,Zonda,Gini,zginidc@dropbox.com,1260 Ramsey Street,5632184381
482,Rikki,Tinkham,rtinkhamdd@hibu.com,97 Hanover Terrace,3415892919
483,Deeyn,Presnall,dpresnallde@tinypic.com,74641 Truax Place,1374563261
484,Marlyn,Dobell,mdobelldf@unc.edu,642 Bluestem Alley,2812810898
485,Malynda,Pilcher,mpilcherdg@telegraph.co.uk,2863 Brentwood Avenue,6896080710
486,Sacha,Ivasyushkin,sivasyushkindh@purevolume.com,18949 Delladonna Pass,6594913487
487,Kurtis,Gofton,kgoftondi@tumblr.com,26 Calypso Point,6341378470
488,Johny,Kestin,jkestindj@vk.com,2 Center Hill,9363178013
489,Ana,Lovejoy,alovejoydk@accuweather.com,75598 Toban Junction,4805665203
490,Hendrika,Jennions,hjennionsdl@woothemes.com,88666 Prentice Crossing,2961645060
491,Rubetta,Andreacci,randreaccidm@ucsd.edu,5 Commercial Drive,7994115892
492,Carolan,Bugbird,cbugbirddn@stanford.edu,31922 Twin Pines Junction,1523074546
493,Sheff,Bodle,sbodledo@moonfruit.com,6297 Porter Plaza,4638879614
494,Sophie,Backe,sbackedp@yellowpages.com,18 Manitowish Plaza,7517495990
495,Willdon,Feeley,wfeeleydq@miitbeian.gov.cn,21 Quincy Point,2146916931
496,Newton,Vesque,nvesquedr@nasa.gov,823 Stone Corner Circle,5258957692
497,Dorise,Van T'Hoog,dvanthoogds@illinois.edu,7887 Saint Paul Center,3428633645
498,Adrienne,Winchurst,awinchurstdt@newsvine.com,969 Fair Oaks Parkway,2931734825
499,Analiese,Valerius,avaleriusdu@umich.edu,51464 Schurz Terrace,5321051784
500,Graig,Keetley,gkeetleydv@hhs.gov,354 Cherokee Alley,2593174469
501,Helen,Pauwel,hpauweldw@google.es,2 Bashford Way,9776912477
502,Mathian,Cawston,mcawstondx@cbc.ca,78 Sunnyside Drive,8038536049
503,Idell,Mordacai,imordacaidy@pinterest.com,7 Lawn Circle,8529361423
504,Malina,Yarham,myarhamdz@domainmarket.com,53 Bashford Junction,8759122940
505,Vanna,Ellington,vellingtone0@acquirethisname.com,9 Barby Lane,6575499604
506,Friedrich,Pideon,fpideone1@privacy.gov.au,6 Sage Hill,7869872921
507,Brittni,Jaggard,bjaggarde2@addtoany.com,5208 Morning Trail,9242188648
508,Alexandrina,Brasseur,abrasseure3@goo.gl,73 Melrose Road,4292817509
509,Theodoric,Ould,toulde4@wunderground.com,269 Mitchell Parkway,7654512578
510,Gerek,Esson,gessone5@de.vu,31158 Esch Junction,8889334253
511,Osbourn,Ilive,oilivee6@nbcnews.com,237 Ruskin Pass,2164411036
512,Rowena,Harnott,rharnotte7@wiley.com,9 High Crossing Avenue,7145497468
513,Nicola,Woehler,nwoehlere8@icio.us,8 Brentwood Drive,3803814737
514,Anne-corinne,Steynor,asteynore9@nsw.gov.au,0 Orin Alley,7859154201
515,Erinna,Hadlington,ehadlingtonea@arstechnica.com,2 Summit Park,9932931130
516,Rawley,Lozano,rlozanoeb@cocolog-nifty.com,4910 Eastlawn Park,5712947894
517,Aleece,Eveque,aevequeec@1und1.de,7 Independence Way,7186124585
518,Derby,Flucker,dfluckered@ed.gov,96 Arkansas Junction,1011016965
519,Durand,Bengtsen,dbengtsenee@mysql.com,4 Johnson Avenue,1889142464
520,Karylin,Powell,kpowellef@pcworld.com,0 Aberg Terrace,3621147079
521,Babbette,Krzyzowski,bkrzyzowskieg@istockphoto.com,69991 Anhalt Park,4904319180
522,Barth,Baulch,bbaulcheh@homestead.com,267 Pierstorff Alley,9852800107
523,Moe,Briand,mbriandei@psu.edu,98189 Parkside Hill,8085681267
524,Jean,Mintoft,jmintoftej@wikimedia.org,5 Dovetail Hill,3129100455
525,Bowie,Ibeson,bibesonek@ucoz.com,22 Butterfield Street,9313705131
526,Lindsey,Haslen,lhaslenel@deviantart.com,2 Hooker Way,5286490041
527,Gina,Amaya,gamayaem@marriott.com,9 3rd Crossing,5405265767
528,Karita,Herries,kherriesen@nature.com,84 Fallview Parkway,4879210501
529,Brok,Smout,bsmouteo@mozilla.com,819 Service Park,4055502636
530,Faustina,Evins,fevinsep@samsung.com,63035 Hazelcrest Park,9286801724
531,Annie,Scorton,ascortoneq@intel.com,53212 Annamark Pass,7152586874
532,Henryetta,MacMearty,hmacmeartyer@nba.com,8 Merry Place,5336255699
533,Brear,Grenter,bgrenteres@issuu.com,2627 Cottonwood Junction,5303684758
534,Davon,Ware,dwareet@skype.com,86 Elka Parkway,1357725672
535,Sasha,Aslum,saslumeu@histats.com,02 Vermont Junction,3692361378
536,Reagen,Larvin,rlarvinev@linkedin.com,6 Lighthouse Bay Street,2645120626
537,Mignon,Oxton,moxtonew@fc2.com,58193 Fisk Drive,1428622378
538,Bax,Mountcastle,bmountcastleex@google.nl,28 Daystar Center,7572381045
539,Reyna,Klimkovich,rklimkovichey@tuttocitta.it,68824 Ruskin Street,8552592428
540,Brit,Borwick,bborwickez@4shared.com,2 West Terrace,3669114263
541,Bronny,Odcroft,bodcroftf0@sbwire.com,4269 Carberry Terrace,1106698039
542,Anthony,Strainge,astraingef1@army.mil,833 Scoville Alley,8176890636
543,Almeda,Howes,ahowesf2@51.la,8 Pine View Trail,6437905265
544,Giorgia,Barrow,gbarrowf3@deviantart.com,2334 Barby Road,8061078599
545,Yorgos,Carbett,ycarbettf4@joomla.org,524 Mayfield Street,8423574569
546,Rivalee,Hayesman,rhayesmanf5@photobucket.com,78475 Hoffman Plaza,2889011494
547,Dawna,Corneil,dcorneilf6@miitbeian.gov.cn,6283 Laurel Street,1565550988
548,Tymothy,Gedge,tgedgef7@yelp.com,37 Sachtjen Point,9517205289
549,Anna,Brooksby,abrooksbyf8@mapquest.com,323 Lighthouse Bay Center,7882270995
550,Harrison,Boyson,hboysonf9@about.com,987 Grim Drive,6706604340
551,Robinson,Terese,rteresefa@shutterfly.com,076 Bobwhite Park,2525131029
552,Edee,Le Lievre,elelievrefb@samsung.com,428 Loeprich Trail,1196901400
553,Lizabeth,Cawker,lcawkerfc@addtoany.com,0129 Autumn Leaf Way,4766053761
554,Marj,Burmingham,mburminghamfd@gravatar.com,52 Mandrake Street,3491975053
555,Gloriane,MacTerlagh,gmacterlaghfe@dedecms.com,2765 Vermont Lane,1145012666
556,Elli,O' Clovan,eoclovanff@umich.edu,5384 Blaine Place,1628000320
557,Saree,Brun,sbrunfg@phpbb.com,67 Jay Junction,7314023157
558,Bekki,Troctor,btroctorfh@discovery.com,07 Macpherson Crossing,1873950613
559,Isadora,Farncomb,ifarncombfi@nba.com,932 Main Lane,1048939173
560,Mahmoud,Bartolacci,mbartolaccifj@mozilla.com,78782 Brentwood Junction,3036886282
561,Alix,Leuchars,aleucharsfk@independent.co.uk,601 Bashford Park,9278639638
562,Burty,Cassedy,bcassedyfl@nymag.com,5158 Annamark Pass,9157339489
563,Wynn,Bauduin,wbauduinfm@pinterest.com,6576 Anthes Place,3812545090
564,Buckie,Simoens,bsimoensfn@narod.ru,46296 Farmco Street,2499145426
565,Almeta,Cleary,aclearyfo@wired.com,97 Bluejay Point,9756583025
566,Farly,Zecchetti,fzecchettifp@domainmarket.com,817 Texas Alley,7465887434
567,Mayor,Mattioli,mmattiolifq@theatlantic.com,4783 Talisman Way,4391085482
568,Justinn,Keson,jkesonfr@sohu.com,0976 Logan Trail,9097181924
569,Lorna,Lippiatt,llippiattfs@last.fm,2 Spaight Avenue,9355717882
570,Hanson,Westmore,hwestmoreft@uiuc.edu,870 International Park,9122092483
571,Jaclin,Tottle,jtottlefu@google.com.hk,1448 Morning Pass,8362778949
572,Hermia,Schurcke,hschurckefv@liveinternet.ru,2265 Karstens Alley,5432977712
573,Glen,Sapp,gsappfw@cloudflare.com,499 Lien Parkway,2784137241
574,Vincent,Graundisson,vgraundissonfx@dmoz.org,72528 Eagan Point,8883518503
575,Cassandry,Orviss,corvissfy@addtoany.com,7 Anhalt Trail,1404870818
576,Viole,Younge,vyoungefz@ftc.gov,77089 Meadow Ridge Parkway,6927619462
577,Ingamar,Stanluck,istanluckg0@va.gov,35 Graceland Lane,9961095481
578,Wilmette,Follin,wfolling1@cdbaby.com,9 Moland Hill,7427116971
579,Delmor,Tonbridge,dtonbridgeg2@wikimedia.org,1122 Menomonie Alley,4024698963
580,Karna,Chinnock,kchinnockg3@wix.com,81 Meadow Valley Lane,2186581721
581,Irene,Kennifick,ikennifickg4@gov.uk,46393 North Drive,5326191261
582,Nanni,Skryne,nskryneg5@behance.net,033 Gateway Drive,7556411396
583,Noemi,Hovel,nhovelg6@cbc.ca,65 Atwood Alley,6677951739
584,Charmain,Goricke,cgorickeg7@java.com,91 Lakewood Park,6646745879
585,Gaby,Hriinchenko,ghriinchenkog8@economist.com,54 Brickson Park Avenue,8448984145
586,Jenine,Mandrier,jmandrierg9@taobao.com,14608 Burning Wood Court,4906365675
587,Ali,Dukelow,adukelowga@globo.com,49706 Hanover Circle,4973302363
588,Ruddy,Loveless,rlovelessgb@51.la,165 Comanche Court,2661586572
589,Binnie,Pughe,bpughegc@youtube.com,43 Hollow Ridge Pass,3385829272
590,Shirlee,McClintock,smcclintockgd@ustream.tv,6 Wayridge Drive,4183847884
591,Myrle,Clother,mclotherge@issuu.com,4109 4th Circle,1178985503
592,Creigh,Corkish,ccorkishgf@hubpages.com,98979 Duke Junction,9497768313
593,Eugene,Kippin,ekippingg@foxnews.com,5179 Coolidge Street,7342112738
594,Leena,Elphick,lelphickgh@biglobe.ne.jp,48 Schiller Hill,6189319104
595,Carr,Beckey,cbeckeygi@geocities.jp,878 Fuller Avenue,2811251858
596,Kelley,Mellmer,kmellmergj@nyu.edu,794 Park Meadow Trail,5457848499
597,Siffre,Doog,sdooggk@loc.gov,6869 Debra Terrace,5056769151
598,Ninetta,Danford,ndanfordgl@blinklist.com,83 Marcy Place,2198745591
599,Michaela,De Ambrosi,mdeambrosigm@dmoz.org,1729 Morrow Court,3153779038
600,Cal,Gratrex,cgratrexgn@tiny.cc,292 Lyons Place,1618352289
601,Chanda,Brauns,cbraunsgo@cbc.ca,4 Annamark Drive,2619894405
602,Dougy,Wiltshire,dwiltshiregp@adobe.com,3046 Little Fleur Trail,6554152741
603,Ludvig,Flecknoe,lflecknoegq@hugedomains.com,08899 Fisk Circle,3633071183
604,Barnie,Snasel,bsnaselgr@narod.ru,9 Menomonie Court,6791791282
605,Letti,Van der Velden,lvanderveldengs@mozilla.org,57 Dakota Lane,9213551318
606,Katusha,Willoughey,kwillougheygt@scribd.com,60178 Emmet Crossing,9611494551
607,Teirtza,Pampling,tpamplinggu@va.gov,03106 Johnson Hill,2201748481
608,Morry,Pucker,mpuckergv@edublogs.org,91 Mockingbird Road,1049412927
609,Micky,Joire,mjoiregw@wiley.com,5 Dakota Crossing,8468085812
610,Ebenezer,Caygill,ecaygillgx@typepad.com,9 Novick Junction,3084570231
611,Fredric,Call,fcallgy@amazonaws.com,44 Loeprich Point,7234536578
612,Gisela,Truelove,gtruelovegz@mashable.com,2 Anniversary Way,3951770709
613,Sam,Instrell,sinstrellh0@example.com,5 Mifflin Street,4581689679
614,Culley,Kidsley,ckidsleyh1@hubpages.com,184 Pepper Wood Pass,2142742725
615,Alameda,Christopherson,achristophersonh2@google.com.hk,27755 Fremont Drive,6619898147
616,Waylon,Greendale,wgreendaleh3@flavors.me,9 Cardinal Trail,8202909238
617,Lizzy,Haydney,lhaydneyh4@nydailynews.com,54 Emmet Street,6265722525
618,Ralf,Popple,rpoppleh5@chron.com,757 Clove Crossing,1526860497
619,Holly-anne,Bottom,hbottomh6@noaa.gov,72140 Lukken Hill,4209669502
620,Haven,Proud,hproudh7@webeden.co.uk,2 Wayridge Way,9767252718
621,Elle,Kyllford,ekyllfordh8@phpbb.com,84285 Shoshone Crossing,9047782152
622,Doralynne,Lonsdale,dlonsdaleh9@netscape.com,1705 Kedzie Plaza,5018253209
623,Cassandre,Ceccoli,cceccoliha@topsy.com,04043 Talmadge Junction,4199834585
624,Quintus,Shakshaft,qshakshafthb@furl.net,8020 Merrick Circle,8668960327
625,Gussie,Shortin,gshortinhc@gmpg.org,87293 Thompson Road,6905995135
626,Winston,Cudbertson,wcudbertsonhd@toplist.cz,942 Nancy Street,2206491825
627,Noah,Prescott,nprescotthe@purevolume.com,468 Eagle Crest Lane,8393429370
628,Camille,Wollrauch,cwollrauchhf@samsung.com,57028 Charing Cross Point,9001973623
629,Marven,Gegay,mgegayhg@bbb.org,9250 Marquette Point,2335219281
630,Arielle,Ast,aasthh@geocities.jp,8 Ryan Crossing,4838915527
631,Darn,Rosenstengel,drosenstengelhi@cbc.ca,1 Crest Line Court,2399919143
632,Annice,Megarrell,amegarrellhj@bloglovin.com,0 Bobwhite Hill,8885545519
633,Lilas,Buten,lbutenhk@zimbio.com,71344 Golf View Junction,2555102889
634,Cammi,Chimes,cchimeshl@oracle.com,701 Arrowood Court,9094639457
635,Hurlee,Waddie,hwaddiehm@pagesperso-orange.fr,3 Glacier Hill Way,6576704398
636,Heinrik,Fickling,hficklinghn@nyu.edu,0990 Autumn Leaf Avenue,3871064963
637,Shanna,Halliberton,shallibertonho@walmart.com,48 Menomonie Center,7112029061
638,Binky,Gainor,bgainorhp@amazonaws.com,855 Johnson Hill,1659985243
639,Clo,Lupton,cluptonhq@barnesandnoble.com,6 Surrey Trail,1678789647
640,Dorise,Medway,dmedwayhr@unesco.org,09590 Arizona Court,5588807063
641,Windy,Smelley,wsmelleyhs@ted.com,3530 Leroy Point,7143134258
642,Parke,Thompson,pthompsonht@mapquest.com,48750 Pepper Wood Center,3257366427
643,Archibold,Dilnot,adilnothu@quantcast.com,12 Nelson Drive,7967101929
644,Man,Ruit,mruithv@paypal.com,6289 Hoffman Pass,3074748710
645,Gan,Keddle,gkeddlehw@alexa.com,9 Colorado Way,5968023147
646,Brenden,Bratten,bbrattenhx@google.com.br,53 Parkside Crossing,1843894109
647,Hill,Wadie,hwadiehy@meetup.com,274 Thompson Point,7064695158
648,Celestia,Dallin,cdallinhz@mac.com,619 Bunting Alley,6126869816
649,Dalli,Springate,dspringatei0@tamu.edu,01890 Pawling Terrace,3073557958
650,Charity,Morgen,cmorgeni1@bluehost.com,94 Forest Dale Avenue,9048345639
651,Gennie,Mossom,gmossomi2@liveinternet.ru,661 Vahlen Circle,8444440088
652,Chiquia,Malling,cmallingi3@topsy.com,29063 Susan Junction,5979309592
653,Brady,Guillerman,bguillermani4@shareasale.com,9 Sloan Parkway,3275724292
654,Aylmar,Medmore,amedmorei5@ucla.edu,29616 Waxwing Court,4163383321
655,Laurent,Richardeau,lrichardeaui6@dailymotion.com,74646 Schmedeman Pass,8459502679
656,Stesha,Fullerlove,sfullerlovei7@digg.com,67 Blue Bill Park Trail,5014697141
657,Deeanne,Darcy,ddarcyi8@amazon.com,6 Londonderry Center,2856751219
658,Ambrose,Adger,aadgeri9@multiply.com,8 Killdeer Hill,3972981464
659,Lyndsie,Poker,lpokeria@about.me,8 Lukken Place,7837982380
660,Estele,Kohter,ekohterib@japanpost.jp,99189 Haas Plaza,2394793466
661,Aldus,Pratty,aprattyic@opera.com,74873 Corscot Alley,7526730243
662,Octavius,Tomblin,otomblinid@nature.com,34099 Morning Point,9856620023
663,Hildegaard,Pachmann,hpachmannie@comcast.net,457 Valley Edge Hill,7836370618
664,Bird,Hubbucke,bhubbuckeif@vkontakte.ru,854 Pond Terrace,6738244499
665,Baudoin,Nanetti,bnanettiig@europa.eu,26982 Mallard Drive,3378377093
666,Rafa,Cheine,rcheineih@sourceforge.net,61968 Sage Pass,1309993630
667,Austine,Folk,afolkii@admin.ch,54 Mayfield Plaza,2525684434
668,Nevile,Sillett,nsillettij@seesaa.net,6 Dakota Street,1392797728
669,Cristal,Westnedge,cwestnedgeik@goodreads.com,65469 Killdeer Trail,2611604325
670,Neala,Linneman,nlinnemanil@mit.edu,7 Bonner Road,3086507896
671,Salem,Corderoy,scorderoyim@jigsy.com,49 Graceland Park,4475459608
672,Inger,Wyborn,iwybornin@wikipedia.org,7 Bluestem Plaza,2586199288
673,Joan,Rutley,jrutleyio@smugmug.com,80 Karstens Park,1649028134
674,Caspar,Dunbobin,cdunbobinip@fc2.com,3 Manufacturers Crossing,1808947400
675,Marion,Morsom,mmorsomiq@csmonitor.com,1 Dapin Drive,9099653089
676,Umberto,Aleshkov,ualeshkovir@nasa.gov,517 Maywood Place,9722030088
677,Bertie,Callow,bcallowis@latimes.com,178 Golf Circle,8385386639
678,Leone,Wrought,lwroughtit@feedburner.com,493 Knutson Way,9155965189
679,Clint,Mattheus,cmattheusiu@cnet.com,82860 Green Trail,6017009781
680,Wallache,Danzelman,wdanzelmaniv@webnode.com,7409 Fisk Junction,8976942801
681,Joelie,Boutton,jbouttoniw@bloomberg.com,07 Ruskin Street,3265271739
682,Zak,Bilofsky,zbilofskyix@cmu.edu,6183 Pawling Way,9848346374
683,Rolando,Ladloe,rladloeiy@list-manage.com,6 Amoth Drive,9528468801
684,Horatio,Delouch,hdelouchiz@techcrunch.com,4 Farwell Court,5599156978
685,Gabriel,Bougourd,gbougourdj0@icio.us,97 Little Fleur Place,8265117190
686,Pauly,Crunkhorn,pcrunkhornj1@furl.net,2024 Westport Road,8938188566
687,Tarrah,Drieu,tdrieuj2@booking.com,45619 School Plaza,6525443506
688,Nisse,Bullick,nbullickj3@zdnet.com,2 Old Gate Court,2294948358
689,Georgy,Keene,gkeenej4@symantec.com,8014 Vidon Trail,9133645702
690,Tamera,Linton,tlintonj5@weather.com,258 Petterle Lane,7585234777
691,Timi,Bessent,tbessentj6@apache.org,3512 Fair Oaks Center,4125862178
692,Garey,Beade,gbeadej7@npr.org,93 Northwestern Circle,8424442246
693,Romeo,Valentinetti,rvalentinettij8@discovery.com,3714 7th Lane,6088563112
694,Freemon,Rishman,frishmanj9@myspace.com,74 Grasskamp Lane,2498645269
695,Farlie,Cornau,fcornauja@yellowbook.com,43786 Fuller Court,9967654683
696,Andi,Pahlsson,apahlssonjb@blog.com,0 Loeprich Junction,3037544187
697,Shaine,De Nisco,sdeniscojc@addthis.com,67 Manufacturers Trail,4414340259
698,Emmalynn,Stagge,estaggejd@google.cn,91974 Manley Way,6877532752
699,Clari,Seadon,cseadonje@umich.edu,44 Raven Point,2374382765
700,Lauritz,Heap,lheapjf@over-blog.com,4 Florence Avenue,2633936819
701,Casar,Ravelus,cravelusjg@yellowbook.com,73 Forest Dale Road,2443568606
702,Karia,Michurin,kmichurinjh@smh.com.au,051 Sutherland Pass,2725590595
703,Nadia,Riddick,nriddickji@plala.or.jp,424 Badeau Crossing,2221391174
704,Heddi,Cornew,hcornewjj@google.com.hk,0 Morningstar Trail,2049450295
705,Blondy,Jenken,bjenkenjk@cnn.com,6729 Grover Way,8582419614
706,Andrea,Bisacre,abisacrejl@wix.com,0464 Crest Line Street,1624296380
707,Lucio,Dowey,ldoweyjm@miitbeian.gov.cn,6225 Macpherson Terrace,5384587743
708,Hilary,Sheahan,hsheahanjn@prnewswire.com,64590 Bay Drive,3709358155
709,Kerianne,Cartmael,kcartmaeljo@hao123.com,050 Tennessee Circle,9978139879
710,Normand,Matthesius,nmatthesiusjp@cnbc.com,7587 Rigney Pass,1321768240
711,Ado,Knotte,aknottejq@cbc.ca,9 Veith Junction,3484401703
712,Meghann,Asplen,masplenjr@mlb.com,33769 Moland Way,4271725569
713,Vanny,Wynter,vwynterjs@vimeo.com,5595 Norway Maple Avenue,2507727697
714,Broderick,McMeekin,bmcmeekinjt@phpbb.com,7 Sage Place,6993468691
715,Meredeth,Scargle,mscargleju@wikia.com,80 High Crossing Trail,5825007752
716,Cassius,Ingray,cingrayjv@skyrock.com,01698 Susan Crossing,4023304287
717,Carmita,Brideau,cbrideaujw@businessinsider.com,96641 Petterle Lane,4131275988
718,Gratiana,Whelan,gwhelanjx@woothemes.com,79573 Lien Plaza,7911397449
719,Terri,Lamont,tlamontjy@hao123.com,4 Redwing Alley,1604576345
720,Dougy,Foffano,dfoffanojz@businesswire.com,8 Wayridge Lane,6374291974
721,Edyth,Lundberg,elundbergk0@ft.com,47 Claremont Alley,6474013828
722,Grant,Bower,gbowerk1@t.co,5 Autumn Leaf Place,1635417170
723,Bunni,Schieferstein,bschiefersteink2@wufoo.com,2 South Terrace,8209197093
724,Berne,Walak,bwalakk3@naver.com,39649 Maple Wood Crossing,7386181863
725,Fletch,Souley,fsouleyk4@hexun.com,2241 Garrison Center,4508801555
726,Jere,Deason,jdeasonk5@google.it,078 Miller Point,4961486072
727,Sydelle,Platt,splattk6@is.gd,15 Memorial Circle,5681607380
728,Caroline,Alderwick,calderwickk7@cam.ac.uk,681 Garrison Hill,8825939028
729,Franklyn,Osinin,fosinink8@csmonitor.com,484 Golf Course Trail,3937450703
730,Jennilee,Mazzey,jmazzeyk9@japanpost.jp,60 Stone Corner Street,2805455248
731,Daphne,Nuth,dnuthka@yellowbook.com,00936 Transport Pass,5297835657
732,Linnea,Bortoluzzi,lbortoluzzikb@pagesperso-orange.fr,898 Debra Street,4753745319
733,Clarance,Lipscomb,clipscombkc@jigsy.com,9 West Avenue,6282013385
734,Ninon,Hadley,nhadleykd@opera.com,1 Ridgeway Court,9385879430
735,Westbrooke,Enefer,weneferke@state.tx.us,102 Leroy Avenue,9835506445
736,Seana,Frood,sfroodkf@mediafire.com,6161 Troy Terrace,4231271632
737,Daryn,Galvin,dgalvinkg@eepurl.com,593 Hazelcrest Way,1695558990
738,Clary,Ladbury,cladburykh@google.com,5 Porter Alley,6769327298
739,Robbi,Fleote,rfleoteki@walmart.com,24 Lake View Street,8115717923
740,Zsazsa,Spearett,zspearettkj@weibo.com,075 Prentice Plaza,9925741605
741,Rich,Cleave,rcleavekk@bigcartel.com,016 Bashford Pass,6402267683
742,Dniren,O'Hagerty,dohagertykl@hostgator.com,1 Nelson Place,1269624002
743,Blanche,Salmoni,bsalmonikm@mapquest.com,62 Center Pass,7708859669
744,Benedikt,Fedder,bfedderkn@home.pl,95654 Crowley Terrace,4534301762
745,Rodd,Abraham,rabrahamko@nydailynews.com,6 Grayhawk Street,7378437140
746,Pierrette,Plumstead,pplumsteadkp@desdev.cn,45 Schmedeman Court,6432929613
747,Cory,Howden,chowdenkq@unblog.fr,4536 Aberg Pass,2229894481
748,Tallia,Cornbell,tcornbellkr@answers.com,63165 Dapin Pass,1697906731
749,Ollie,Cressor,ocressorks@arstechnica.com,465 Katie Crossing,2765607923
750,Ginelle,Kiellor,gkiellorkt@ebay.co.uk,93 Jenna Hill,7723259354
751,Luce,Quinane,lquinaneku@google.pl,8624 Tony Terrace,7592783588
752,Julissa,Wimbush,jwimbushkv@joomla.org,6 Crescent Oaks Road,4966383920
753,Sari,Arnfield,sarnfieldkw@timesonline.co.uk,09 Bonner Parkway,2194642511
754,Arvie,Whife,awhifekx@seesaa.net,92 Sherman Center,3233380831
755,Neysa,Hanes,nhanesky@dmoz.org,48 8th Trail,7391835194
756,Domingo,Guyton,dguytonkz@ftc.gov,4 Dayton Street,3532573166
757,Tandy,Bogart,tbogartl0@youku.com,1553 4th Avenue,1388022376
758,Mavis,Fumagall,mfumagalll1@indiegogo.com,72 Aberg Road,7984878471
759,Giacinta,Girodin,ggirodinl2@phpbb.com,3081 Cambridge Court,6071394321
760,Bax,Pineaux,bpineauxl3@furl.net,19 Park Meadow Crossing,3179234663
761,Terrence,Itzak,titzakl4@wufoo.com,149 Hagan Plaza,4585373993
762,Freida,Avard,favardl5@amazon.co.uk,63208 Lawn Alley,9515062230
763,Cointon,Burdytt,cburdyttl6@slate.com,636 Roth Center,8428972066
764,Calypso,Allom,calloml7@acquirethisname.com,12 Bobwhite Court,8893158225
765,Kylen,Pervoe,kpervoel8@ifeng.com,58 Ludington Court,5529804367
766,Kimberlyn,Adamoli,kadamolil9@harvard.edu,92 Fairfield Plaza,6683307639
767,Lela,Camerello,lcamerellola@facebook.com,233 Golf View Alley,9087874679
768,Chev,Robins,crobinslb@gizmodo.com,79 Cody Trail,5224684498
769,Bendicty,Yokel,byokellc@spiegel.de,91594 Gulseth Junction,8161005812
770,Deva,Pancast,dpancastld@squidoo.com,35555 Portage Crossing,9768647676
771,Cordelia,Leneham,clenehamle@feedburner.com,325 Lakewood Alley,5589637153
772,Violetta,Yakunikov,vyakunikovlf@google.ca,8034 Autumn Leaf Parkway,2111966125
773,Reba,Flook,rflooklg@bing.com,79 Knutson Hill,8286744729
774,Morissa,Iacobassi,miacobassilh@elegantthemes.com,9 Anthes Circle,7625683301
775,Yorgos,Le Breton De La Vieuville,ylebretondelavieuvilleli@google.co.uk,9124 Schlimgen Crossing,8298554242
776,Grethel,Grealey,ggrealeylj@deviantart.com,52250 Rigney Center,5801480843
777,Dinnie,Haycroft,dhaycroftlk@adobe.com,93 Esker Plaza,1667703090
778,Modestine,Wanklin,mwanklinll@w3.org,22040 Pennsylvania Trail,3933121130
779,Jobey,Kinnie,jkinnielm@infoseek.co.jp,577 Cardinal Point,4363501899
780,Itch,Semens,isemensln@cmu.edu,32146 Welch Way,8505377121
781,Yolande,Newband,ynewbandlo@delicious.com,626 Dawn Lane,2145917315
782,Babita,Canedo,bcanedolp@usnews.com,890 Macpherson Court,2547542723
783,Keslie,Alleyn,kalleynlq@youtube.com,3 Red Cloud Point,1227068420
784,Hebert,Banthorpe,hbanthorpelr@ocn.ne.jp,6323 Del Mar Park,2427247148
785,Oran,Starton,ostartonls@nymag.com,880 Service Street,9465215061
786,Keely,Foss,kfosslt@twitpic.com,53 Sherman Pass,2414588516
787,Lydon,Newsham,lnewshamlu@reddit.com,44705 Forest Circle,3329895313
788,Anatollo,Sillito,asillitolv@springer.com,0585 Red Cloud Avenue,7913309412
789,Libbey,Cockcroft,lcockcroftlw@adobe.com,50 Esker Terrace,1221587477
790,Cinnamon,Ellgood,cellgoodlx@usnews.com,1 Marcy Trail,2418483217
791,Schuyler,Leppard,sleppardly@stumbleupon.com,16358 Clyde Gallagher Trail,4849546300
792,Cesare,Sent,csentlz@sitemeter.com,0 Redwing Parkway,2339232462
793,Tisha,Skeemer,tskeemerm0@nationalgeographic.com,638 Sundown Way,5399361013
794,Florella,O'Sculley,fosculleym1@printfriendly.com,2 Waubesa Avenue,4244151565
795,Nicol,Canape,ncanapem2@usda.gov,21 Dawn Hill,1586296210
796,Helenelizabeth,Oade,hoadem3@dailymotion.com,61180 Kipling Drive,4603879743
797,Novelia,Ambrodi,nambrodim4@de.vu,15811 Holy Cross Alley,4383086492
798,Alexine,Hackney,ahackneym5@berkeley.edu,2 Ludington Junction,7295383270
799,Trent,Yegorev,tyegorevm6@wunderground.com,28 Grim Terrace,6642796494
800,Valeria,Bodham,vbodhamm7@tinyurl.com,2 Drewry Plaza,2522418070
801,Godart,Isoldi,gisoldim8@dailymail.co.uk,19 Golf View Point,8853197524
802,Clywd,Rentcome,crentcomem9@jugem.jp,319 Melvin Point,2461683298
803,Brandyn,Kruse,bkrusema@nytimes.com,53978 Springs Point,6599088757
804,Cirilo,Goomes,cgoomesmb@technorati.com,8602 Pierstorff Street,3395090001
805,Jerrine,Theakston,jtheakstonmc@etsy.com,5 Esch Place,3894225082
806,Brianna,Marple,bmarplemd@discuz.net,426 Jenifer Plaza,5921021554
807,Rheta,Leipoldt,rleipoldtme@shutterfly.com,5 Menomonie Crossing,5964708254
808,Matthiew,Findlater,mfindlatermf@ed.gov,356 Atwood Avenue,6456191556
809,Rees,Stopper,rstoppermg@dot.gov,49451 Loeprich Street,4636274875
810,Mead,Bingham,mbinghammh@latimes.com,9454 Burrows Road,9737213840
811,Timofei,Ceschi,tceschimi@un.org,457 Anderson Road,1569442659
812,Lynnett,Pieracci,lpieraccimj@ox.ac.uk,3333 American Ash Terrace,5657735889
813,Fianna,Stitt,fstittmk@yolasite.com,80794 Eagle Crest Street,1982850566
814,Benedetta,Stopford,bstopfordml@dyndns.org,99302 Dryden Court,4795833165
815,Carry,Russam,crussammm@taobao.com,2720 Menomonie Plaza,6179558575
816,Maximilian,Owain,mowainmn@state.gov,41 Heath Parkway,4787094250
817,Karleen,Drohun,kdrohunmo@51.la,2 Hazelcrest Avenue,8928916120
818,Karoly,Sedworth,ksedworthmp@jiathis.com,8 Thompson Circle,8363225674
819,Teena,Rosengren,trosengrenmq@usda.gov,48680 Pepper Wood Center,5336605833
820,Nana,Wormald,nwormaldmr@japanpost.jp,81459 Dryden Alley,6631962572
821,Randee,Feron,rferonms@unblog.fr,03 Dorton Parkway,4965269175
822,Hallie,Dobrovsky,hdobrovskymt@stanford.edu,37 Shoshone Court,1065505890
823,Susanetta,Baddow,sbaddowmu@moonfruit.com,2986 Bayside Lane,7991128671
824,Nertie,Pardal,npardalmv@vimeo.com,55730 Schlimgen Plaza,8625239685
825,Yetty,Sainteau,ysainteaumw@icq.com,57 Bowman Hill,4338941319
826,Earvin,Quinevan,equinevanmx@cdc.gov,2368 Weeping Birch Lane,6407741000
827,Cassey,Ruggs,cruggsmy@bloglines.com,712 Anderson Park,8876563475
828,Jemima,Agget,jaggetmz@bing.com,87 Mccormick Center,6129145525
829,Calida,Ioannou,cioannoun0@twitpic.com,98 Little Fleur Trail,2534080699
830,Conrado,Aloshikin,caloshikinn1@ow.ly,60571 John Wall Lane,2171464133
831,Jerrilyn,Attree,jattreen2@psu.edu,6602 Farwell Park,2574714116
832,Lanita,Jahner,ljahnern3@indiegogo.com,43 Nevada Way,6172125768
833,Finley,Fullylove,ffullyloven4@wsj.com,00575 Mallard Court,1392889220
834,Curry,Pervew,cpervewn5@bigcartel.com,8 Melby Court,1677361826
835,Elisa,Scrivin,escrivinn6@4shared.com,1710 Clemons Parkway,2795164097
836,Agosto,Jozwicki,ajozwickin7@edublogs.org,52163 Ronald Regan Park,2451907632
837,Danie,Huggard,dhuggardn8@people.com.cn,7 Meadow Ridge Pass,4053385576
838,Bastien,Hawksley,bhawksleyn9@businesswire.com,67 Forest Dale Street,7815693987
839,Donella,Poulsom,dpoulsomna@zimbio.com,7 Hagan Point,8252465892
840,Nobie,Mantz,nmantznb@usgs.gov,10 Hoepker Road,6845039490
841,Bren,Cathery,bcatherync@opensource.org,184 Transport Plaza,5347067606
842,Nikoletta,Treleaven,ntreleavennd@fotki.com,4068 Armistice Plaza,1354972599
843,Malanie,Tidder,mtidderne@go.com,501 Londonderry Court,4252895941
844,Welsh,Weddeburn - Scrimgeour,wweddeburnscrimgeournf@vinaora.com,412 Hayes Plaza,7316799672
845,Colette,Mangion,cmangionng@sbwire.com,37994 Laurel Hill,2059770551
846,Susie,MacDearmid,smacdearmidnh@sbwire.com,8844 Hagan Avenue,7464455749
847,Karen,Biddy,kbiddyni@wired.com,4195 Dennis Trail,3595950578
848,Nina,Ccomini,nccomininj@imgur.com,72016 Buell Pass,4307418852
849,Lothaire,Quinnell,lquinnellnk@irs.gov,152 Bluestem Drive,5474909007
850,Marleen,Aitken,maitkennl@printfriendly.com,0086 3rd Park,3726444385
851,Mollie,Jocelyn,mjocelynnm@unesco.org,842 Autumn Leaf Road,9033439898
852,Margaretta,Matt,mmattnn@g.co,83 Algoma Park,7818704640
853,Wainwright,Traite,wtraiteno@google.ca,1219 Linden Point,9202201699
854,Esther,Pretti,eprettinp@nymag.com,26 Crest Line Point,2955471164
855,Maison,Chawkley,mchawkleynq@fema.gov,5508 Granby Plaza,8838356846
856,Renae,Gwyn,rgwynnr@plala.or.jp,534 Mendota Way,6504851132
857,Rabi,McGrill,rmcgrillns@aol.com,64 Rutledge Street,7657152652
858,Don,Marrable,dmarrablent@people.com.cn,87 Chinook Terrace,8567355829
859,Nessy,Lonergan,nlonergannu@is.gd,82060 Ohio Crossing,5754740021
860,Harv,Mingame,hmingamenv@home.pl,7 Eastlawn Center,4455697757
861,Lorry,Skirvane,lskirvanenw@nasa.gov,1 Lakewood Gardens Terrace,5611125820
862,Orren,Farrance,ofarrancenx@accuweather.com,21213 Myrtle Place,3489736019
863,Gabriellia,Bisp,gbispny@furl.net,278 Thierer Lane,4761339497
864,Bobby,Dare,bdarenz@toplist.cz,6 Cody Avenue,8761784302
865,Bobbee,Toulson,btoulsono0@wsj.com,9614 Independence Lane,6183953224
866,Myra,Stairmand,mstairmando1@fda.gov,70986 Hudson Park,2335078460
867,Mort,Cornill,mcornillo2@sakura.ne.jp,334 Melby Trail,9127656901
868,Othelia,Mish,omisho3@addtoany.com,568 Maple Wood Court,9698234538
869,Tobey,Zanussii,tzanussiio4@alibaba.com,3 Upham Crossing,7171954549
870,Aime,Antrag,aantrago5@amazon.co.uk,09302 Forest Dale Plaza,2554804779
871,Lay,Ismail,lismailo6@tinypic.com,2596 Vera Plaza,8402571722
872,Halie,Atchly,hatchlyo7@nyu.edu,5062 Scofield Street,4965485501
873,Sybila,Tipton,stiptono8@lycos.com,4015 Eagan Street,7363582000
874,Jodi,Doul,jdoulo9@technorati.com,3437 Hovde Trail,3181289982
875,Bogart,Drillingcourt,bdrillingcourtoa@paypal.com,914 Holy Cross Pass,6064467216
876,Vinny,Casterot,vcasterotob@dedecms.com,45 Eliot Plaza,6687799057
877,Alley,Speenden,aspeendenoc@spiegel.de,9464 Clove Alley,6307212073
878,Ignaz,Dedden,ideddenod@illinois.edu,35134 Oxford Road,3258994547
879,Morty,Armstrong,marmstrongoe@webmd.com,82 Hallows Place,2473138071
880,Cyndia,Stert,cstertof@salon.com,4 Sloan Terrace,4806667699
881,Garrik,Frusher,gfrusherog@arizona.edu,8738 Pine View Point,9669540695
882,Gena,Chavez,gchavezoh@sbwire.com,7974 Sauthoff Junction,4197656023
883,Sherwin,Bannister,sbannisteroi@ibm.com,02 Schlimgen Parkway,2184884065
884,Orelia,Eteen,oeteenoj@businesswire.com,1845 Sage Terrace,5126392487
885,Agathe,Raynham,araynhamok@sohu.com,7 Michigan Hill,7101691949
886,Meyer,Meak,mmeakol@ucsd.edu,541 Rowland Avenue,9516997264
887,Judye,Duckfield,jduckfieldom@dmoz.org,27203 Bay Alley,3133622553
888,Austin,Skittrell,askittrellon@artisteer.com,473 Heffernan Plaza,7929724212
889,Ebeneser,Adcock,eadcockoo@gmpg.org,95 Calypso Court,9872720908
890,Hobey,Castagnasso,hcastagnassoop@theatlantic.com,04948 Brown Plaza,3063465774
891,Gregoire,Shawley,gshawleyoq@hp.com,4109 Clove Way,3886146867
892,Jakob,Points,jpointsor@google.it,578 Summer Ridge Court,7512223367
893,Mathias,Horsfield,mhorsfieldos@merriam-webster.com,005 Muir Pass,1788968413
894,Teresita,Scarf,tscarfot@tumblr.com,4426 Maryland Street,1927855053
895,Ulberto,Randleson,urandlesonou@ovh.net,388 Schlimgen Court,8367484092
896,Tommy,Stolle,tstolleov@slashdot.org,88548 Lake View Pass,4004267004
897,Deni,Bernollet,dbernolletow@hibu.com,9 Buhler Crossing,4336511096
898,Trueman,Rayworth,trayworthox@ustream.tv,7971 2nd Drive,8506744212
899,Reidar,Stein,rsteinoy@redcross.org,6120 Hallows Junction,2369172363
900,Romonda,Coushe,rcousheoz@howstuffworks.com,819 Blackbird Crossing,3034586231
901,Odie,Jenne,ojennep0@behance.net,6218 Melvin Street,8615485707
902,Sully,Braunroth,sbraunrothp1@photobucket.com,43 Fair Oaks Parkway,5305393034
903,Rosamund,Grinval,rgrinvalp2@dailymotion.com,0 Hallows Plaza,9551705733
904,Janelle,Melin,jmelinp3@mail.ru,71011 Becker Terrace,5346919021
905,Der,Perigoe,dperigoep4@godaddy.com,3124 Sunbrook Court,8096571563
906,Doralia,McCarver,dmccarverp5@jimdo.com,60 Melrose Crossing,4719828912
907,Cosetta,Lindermann,clindermannp6@squarespace.com,2743 Mcbride Junction,7964383659
908,Heindrick,Bernardi,hbernardip7@un.org,48281 Kedzie Place,8424236674
909,Ugo,Khadir,ukhadirp8@google.co.jp,07546 Roxbury Drive,5079293166
910,Dalli,Ellard,dellardp9@moonfruit.com,036 Westridge Center,1957909027
911,Renell,Cowhig,rcowhigpa@ucla.edu,43608 Marquette Drive,7143056008
912,Cynthie,Elkington,celkingtonpb@latimes.com,967 Tony Way,1176225961
913,Moria,Boucher,mboucherpc@amazon.de,36827 Hoepker Street,3335198387
914,Pooh,Wegener,pwegenerpd@cnet.com,8 Mesta Trail,9535266505
915,Ferguson,Blinerman,fblinermanpe@webeden.co.uk,7426 Delaware Road,2115502511
916,Jayson,Shuker,jshukerpf@slashdot.org,544 Moulton Crossing,8622461336
917,Blinnie,Costen,bcostenpg@fda.gov,3 Monica Lane,2633129794
918,Shelbi,Landeg,slandegph@princeton.edu,37 Leroy Point,2538435126
919,Terza,Mathivat,tmathivatpi@pagesperso-orange.fr,2066 Crowley Trail,5962420818
920,Maudie,Greer,mgreerpj@google.com.au,508 Mayfield Avenue,6203026453
921,Creight,Malkie,cmalkiepk@issuu.com,200 Johnson Circle,7532373059
922,Eryn,Woolfitt,ewoolfittpl@examiner.com,77484 Harper Point,5758578872
923,Arnuad,Signorelli,asignorellipm@army.mil,3287 Homewood Pass,6618251679
924,Kenon,Dobbs,kdobbspn@google.nl,05857 Lunder Pass,2472682863
925,Adair,Gagin,agaginpo@scribd.com,80047 Burrows Plaza,5116143742
926,Joni,McPharlain,jmcpharlainpp@nba.com,630 Pond Plaza,3569949278
927,Meryl,Faragan,mfaraganpq@chron.com,4768 Dixon Plaza,1934808992
928,Tim,Defries,tdefriespr@msn.com,0657 Vernon Avenue,4372340871
929,Dal,Riccardo,driccardops@wix.com,05945 Golf Parkway,2956605038
930,Artair,MacLardie,amaclardiept@pen.io,233 Lunder Park,1601367213
931,Clary,O'Flaherty,coflahertypu@nymag.com,08306 Independence Crossing,4135095922
932,Avram,Bunston,abunstonpv@flavors.me,1 Bashford Street,6609520785
933,Elisha,Willgoss,ewillgosspw@about.me,7 Maple Pass,5917404784
934,Carmita,Judge,cjudgepx@craigslist.org,7 Karstens Point,5671913982
935,Leland,Moyers,lmoyerspy@irs.gov,3 Morning Junction,5971630476
936,Benoit,Bagguley,bbagguleypz@telegraph.co.uk,41772 3rd Pass,8933561670
937,Avrom,Defond,adefondq0@joomla.org,49 Porter Pass,2961756419
938,Tulley,Styant,tstyantq1@sun.com,7138 Nancy Way,4937884240
939,Oby,Matejic,omatejicq2@unesco.org,71 Mesta Junction,2646754087
940,Shirline,Lettuce,slettuceq3@symantec.com,837 Brentwood Hill,9158264424
941,Willey,Firmin,wfirminq4@nyu.edu,21 Bay Place,8064987176
942,Joycelin,Strickland,jstricklandq5@google.nl,6 Aberg Circle,2666275643
943,Saxon,Money,smoneyq6@imdb.com,3 Elka Plaza,7979430034
944,Chrissie,McCrystal,cmccrystalq7@hugedomains.com,03135 Florence Street,2166189624
945,Che,Grinnov,cgrinnovq8@google.cn,57 Pine View Junction,6788881070
946,Mitch,Sinclaire,msinclaireq9@meetup.com,46 Kennedy Avenue,4679877726
947,Ellsworth,Heavens,eheavensqa@cbslocal.com,6 Birchwood Circle,8222456988
948,Rolland,Kirgan,rkirganqb@eventbrite.com,50 Chinook Junction,5157951849
949,Che,Jakubovsky,cjakubovskyqc@economist.com,450 Cherokee Terrace,2693786514
950,Ilsa,Gallanders,igallandersqd@cloudflare.com,4322 Eggendart Road,4811516399
951,Costanza,Shields,cshieldsqe@google.pl,0 Acker Center,9304886464
952,Rosabella,MacColgan,rmaccolganqf@slideshare.net,3333 Ridge Oak Park,6075239235
953,Aleece,Bauldrey,abauldreyqg@comsenz.com,162 Mallard Avenue,3558071445
954,Renault,Jados,rjadosqh@cyberchimps.com,76515 Briar Crest Center,3132060003
955,Flin,Joyner,fjoynerqi@ovh.net,73915 Fieldstone Trail,5841308805
956,Sadella,Lovett,slovettqj@hud.gov,9532 Bashford Court,2932256671
957,Daffy,Runcieman,drunciemanqk@deviantart.com,80030 Northview Way,8694038473
958,Sile,Janouch,sjanouchql@mapquest.com,2 Continental Junction,9808506741
959,Langston,Basler,lbaslerqm@ucoz.com,341 Larry Place,1174945955
960,Silvano,De Filippo,sdefilippoqn@va.gov,03 Browning Drive,9567087189
961,Elnora,Nancarrow,enancarrowqo@arizona.edu,391 Merchant Alley,4309990457
962,Chet,Elmes,celmesqp@merriam-webster.com,541 Dryden Avenue,2065405729
963,Leodora,Pomfrett,lpomfrettqq@miibeian.gov.cn,29 Namekagon Circle,9706132922
964,Madel,Bolden,mboldenqr@reuters.com,650 Barnett Point,5074305928
965,Pet,Fothergill,pfothergillqs@sciencedaily.com,8 Westend Parkway,6167588355
966,Amory,Samwyse,asamwyseqt@cnn.com,702 Summit Point,2061263728
967,Stanislaw,Stanyforth,sstanyforthqu@devhub.com,8 Northland Parkway,1166789798
968,Sheeree,Debow,sdebowqv@gov.uk,9 Parkside Drive,4175657908
969,Risa,Messer,rmesserqw@arstechnica.com,3636 Carey Road,5679803774
970,Pooh,Hellikes,phellikesqx@apple.com,7 Rieder Trail,4544721722
971,Bibby,Blunsden,bblunsdenqy@jalbum.net,96606 Grover Lane,9077350864
972,Jeff,Cuerda,jcuerdaqz@devhub.com,30022 Drewry Street,4787511702
973,Vincent,Alastair,valastairr0@myspace.com,86 Maywood Avenue,6335752424
974,Krystle,Unwin,kunwinr1@parallels.com,93604 Macpherson Place,4451429261
975,Gayel,O'Hogertie,gohogertier2@uiuc.edu,8 Granby Lane,5848903426
976,Cathryn,Lacotte,clacotter3@unesco.org,10783 Almo Terrace,4377983823
977,Herrick,Myrtle,hmyrtler4@goodreads.com,46573 Sunbrook Parkway,4401570490
978,Charyl,Noads,cnoadsr5@quantcast.com,64810 Mifflin Hill,1245538144
979,Papagena,Hitzschke,phitzschker6@shop-pro.jp,05 Green Ridge Point,2272143588
980,Merralee,Pittam,mpittamr7@sun.com,88131 East Drive,9977766590
981,Marybelle,Myrtle,mmyrtler8@pen.io,085 Dexter Alley,4798535910
982,Janine,Scarbarrow,jscarbarrowr9@netscape.com,014 Declaration Drive,1605267815
983,Eilis,Pocock,epocockra@is.gd,771 Namekagon Trail,1877538716
984,Lindsay,Douse,ldouserb@craigslist.org,277 Meadow Valley Park,4388636904
985,Kip,Blesdill,kblesdillrc@edublogs.org,3 Parkside Circle,9979971704
986,Chadd,Lamyman,clamymanrd@zimbio.com,2259 Merry Center,6518433064
987,Rosana,Gould,rgouldre@pinterest.com,88 Eagle Crest Drive,1149743979
988,Cordie,Mc Ilory,cmciloryrf@networksolutions.com,23152 John Wall Trail,1714893890
989,Roanna,Pizzey,rpizzeyrg@auda.org.au,0426 Delladonna Lane,7215196338
990,Raina,Iggo,riggorh@smugmug.com,79080 Linden Plaza,1607783507
991,Zebadiah,Mewett,zmewettri@miibeian.gov.cn,88470 6th Terrace,7588632244
992,Faustina,Agutter,fagutterrj@ftc.gov,147 Meadow Ridge Street,2503625657
993,Berkley,Jedrzejczyk,bjedrzejczykrk@cbslocal.com,2 Amoth Point,6452435023
994,Lynn,Lyles,llylesrl@weibo.com,677 Northridge Drive,2564222256
995,Charmaine,Mirralls,cmirrallsrm@live.com,5 Hazelcrest Way,1613029331
996,Matilde,Lerven,mlervenrn@icio.us,9 Pond Parkway,3802247985
997,Thom,Larmett,tlarmettro@a8.net,9793 Bluejay Pass,7586515321
998,Ella,Hargess,ehargessrp@fema.gov,56923 Cambridge Road,4072567097
999,Cloris,Goggins,cgogginsrq@flickr.com,54 Eastlawn Road,4977092115
1000,Austen,Cressingham,acressinghamrr@hexun.com,37 Magdeline Park,6447809210
